MID,UID,评论时间,评论内容,评论人UID,评论人昵称,评论人个性签名,关注数量,粉丝数量,点赞数量,作品数,IP所属
4852904530282886	,2794284831	,2023-01-01 10:59:09,没有,2629938164,一只李猪,,82,3690,0,2521,江苏 常州
4852904530282886	,2794284831	,2023-01-01 06:21:29,终于在兔年中了yes,1735163301,小唯0902,宅女也有春天！,325,2061,0,1930,香港
4852904530282886	,2794284831	,2023-01-01 02:12:58,陪跑好几年，刚才试了下竟然中了[春游家族],3736041817,树深时見丶鹿,,214,223,0,27,北京 朝阳区
4852904530282886	,2794284831	,2023-01-01 02:12:35,鸡年和猴年都抽到了，这几年都没抽到,5262261342,汝果不如果-,,69,447,0,84,河南 郑州
4852904530282886	,2794284831	,2023-01-01 01:54:05,除了猪年好像一直陪跑了[彩虹屁],3542770041,果茶五分糖哦,我是你祖宗,77,149,0,3405,海外
4852904530282886	,2794284831	,2023-01-01 01:02:25,不中,5659678934,神仙颜色,,51,83,1,34,其他
4852899467496787	,6033235343	,2023-01-01 09:19:15,今年到目前为止没有,1823020883,凹凹西凹,Find Me,57,435,0,3979,其他
4852899467496787	,6033235343	,2023-01-01 00:42:28,只中过鼠年,6377469972,正在跟随金玟岐巡演的唯一跟班,以微笑以眼泪做勇敢者的告别,409,1411,0,1933,其他
4852896683004489	,2155447320	,2023-01-01 00:30:19,10块钱收一份,5963998825,擁有亿萬資產,无忧无虑,434,345,0,525,河南
MID,UID,评论时间,评论内容,评论人UID,评论人昵称,评论人个性签名,关注数量,粉丝数量,点赞数量,作品数,IP所属
MID,UID,评论时间,评论内容,评论人UID,评论人昵称,评论人个性签名,关注数量,粉丝数量,点赞数量,作品数,IP所属
4852904530282886	,2794284831	,2023-01-01 10:59:09,没有,2629938164,一只李猪,,82,3690,0,2521,江苏 常州
4852904530282886	,2794284831	,2023-01-01 06:21:29,终于在兔年中了yes,1735163301,小唯0902,宅女也有春天！,325,2061,0,1930,香港
4852904530282886	,2794284831	,2023-01-01 02:12:58,陪跑好几年，刚才试了下竟然中了[春游家族],3736041817,树深时見丶鹿,,214,223,0,27,北京 朝阳区
4852904530282886	,2794284831	,2023-01-01 02:12:35,鸡年和猴年都抽到了，这几年都没抽到,5262261342,汝果不如果-,,69,447,0,84,河南 郑州
4852904530282886	,2794284831	,2023-01-01 01:54:05,除了猪年好像一直陪跑了[彩虹屁],3542770041,果茶五分糖哦,我是你祖宗,77,149,0,3404,海外
4852904530282886	,2794284831	,2023-01-01 01:02:25,不中,5659678934,神仙颜色,,51,83,1,34,其他
4852899467496787	,6033235343	,2023-01-01 09:19:15,今年到目前为止没有,1823020883,凹凹西凹,Find Me,57,435,0,3979,其他
4852899467496787	,6033235343	,2023-01-01 00:42:28,只中过鼠年,6377469972,正在跟随金玟岐巡演的唯一跟班,以微笑以眼泪做勇敢者的告别,409,1411,0,1933,其他
4852896683004489	,2155447320	,2023-01-01 00:30:19,10块钱收一份,5963998825,擁有亿萬資產,无忧无虑,434,345,0,525,河南
4852895533766246	,5371906414	,2023-01-01 16:42:10,金兔子银兔子冲，主页有码嘎嘎中 http://t.cn/A6Kgm57Q,3240838664,不取什么昵称,来世间一趟，一定要努力看看更多风景,95,447,0,381,广东
4852895533766246	,5371906414	,2023-01-01 00:40:37,图片评论 http://t.cn/A6Kde8CV,5533761591,一定会早睡8,,317,44,0,0,其他
4852895533766246	,5371906414	,2023-01-01 00:37:56,领到了,5281964887,小耿耿QAQ,爱听范特西的少年,54,294,0,95,其他
4852895533766246	,5371906414	,2023-01-01 00:37:53,三号看这个 http://t.cn/A6KdeiJR,3221601972,暖亲猫和闲睡鹤,,41,139,0,445,广东 深圳
4852895533766246	,5371906414	,2023-01-01 00:37:42,二号运气棒棒 http://t.cn/A6KdeJhd,3221601972,暖亲猫和闲睡鹤,,41,139,0,445,广东 深圳
4852895533766246	,5371906414	,2023-01-01 00:37:11,金兔扫 http://t.cn/A6Kdef7n,5560991995,颖颖hyyy,积极向上,137,251,0,293,河北 张家口
4852895533766246	,5371906414	,2023-01-01 00:31:48,抽中爱奇艺会员[打call][打call],5889773507,今天也有在摆烂呢,万千不如意，睡得着就过得去。,4,64,0,100,其他
4852895533766246	,5371906414	,2023-01-01 00:31:07,金兔子来 http://t.cn/A6Kdg0nD,5494678710,腿长腰细黎小夕,把我爱的cp都磕起来,691,1229,1,607,浙江
4852895533766246	,5371906414	,2023-01-01 00:31:03,金兔每天上线 http://t.cn/A6Kdg0Gg,3826548392,咸鱼只想欧气满满,智者不入爱河，暴富势在必得！  （镇魂）,1854,665,1,12112,江苏
4852895533766246	,5371906414	,2023-01-01 00:30:32,来扫金兔子呀，每天在线 http://t.cn/A6Kdg9o8,6620431460,卷卷菜芯,,16,353,0,1032,其他
4852895533766246	,5371906414	,2023-01-01 00:30:06,连中5场的金兔！ http://t.cn/A6Kdgaet,3803272185,dbdkj,,169,502,0,1975,广东 潮州
4852895533766246	,5371906414	,2023-01-01 00:29:25,天猫超市的红包雨每次都没有领到过,3094600430,98绿樱泛海,得失从缘    心无增减,154,97,0,450,重庆
4852895533766246	,5371906414	,2023-01-01 00:28:42,一共三个号[打call][打call][打call] http://t.cn/A6KdgtSS,6146648978,sss92-,,934,874,0,0,其他
4852895533766246	,5371906414	,2023-01-01 00:28:34,来扫每天必中[打call][打call][打call] http://t.cn/A6Kdg5MF,6146648978,sss92-,,934,874,0,0,其他
4852895533766246	,5371906414	,2023-01-01 00:28:24,求扫[打call][打call] http://t.cn/A6Kdgqzx,6146648978,sss92-,,934,874,0,0,其他
4852895533766246	,5371906414	,2023-01-01 00:27:21,我的金兔卡，金兔兔来，每天在线 http://t.cn/A6KdgwTA,2836053223,-缘之浅-Alisa,把眼泪留给最疼你的人，把微笑留给伤你最深的人；让你哭到撕心裂肺的那个人，是你最爱的人。,739,1191,0,1045,湖南 长沙
4852895533766246	,5371906414	,2023-01-01 00:26:18,金兔子来扫我呀，不是金兔子来扫是出不了金兔子的，六个号五天六中六，有需求可以看我首页，今日必中[嘻嘻] http://t.cn/A6KddFC1,1738953167,萌萌种的鱼,秋阴不散霜飞晚，留得枯荷听雨声,291,462,6,2732,海外 其他
4852895533766246	,5371906414	,2023-01-01 00:25:53,金兔没扫的快来[嘻嘻] http://t.cn/A6KddetQ,2431307375,-北辰辰,闪现空大怪我了,482,997,1,333,重庆 沙坪坝区
4852894538668837	,1904377343	,2023-01-01 00:23:09,2张3元代金券,6447605999,撒撒的小声念,不做拖拉笨小孩,4,188,0,147,其他
4852894538668837	,1904377343	,2023-01-01 00:21:49,熟悉的它又来了[允悲],5700926339,忆忆忆忆忆典_August,🧡全圆佑•Lia🤍,307,237,0,1184,海外 芬兰
4852894514288729	,3461118710	,2023-01-01 00:33:29,姐妹，可以进拼团裙，我会转所有拼团裙，更快成团http://t.cn/A6Kyiqbe[打call],7801972441,一只飞翔的大木木,,32,102,0,15,其他
4852889169716139	,1556514185	,2023-01-01 19:57:27,老来多健忘，唯不忘相思。 你就是春风，不停吹动着我的心。 @X玖少年团肖战DAYTOY,7504912801,是那个倪儿DAYTOY1005,热爱可抵岁月漫长，彼此保护不是说说而已！ 肖战顺顺利利，平安喜乐！肖战爱你一辈子！,30904,735,0,32579,湖北
4852889169716139	,1556514185	,2023-01-01 18:47:57,愿你能有喜极而泣的感动，和虚惊一场的运气，愿你一生都能平安喜乐@X玖少年团肖战DAYTOY,3901378105,栗子想有钱z,少教育我，小心我哭给你看,1122,619,0,27277,北京 宣武区
4852889169716139	,1556514185	,2023-01-01 17:05:44,肖战顺顺利利，你是天上的星星，温暖而有力量，我是空中的飞侠，坚定陪你身旁。@X玖少年团肖战DAYTOY,6055888258,你家战战,,1196,1277,0,50419,重庆
4852889169716139	,1556514185	,2023-01-01 16:37:13,偶见一公子，姿容过人，身材挺拔，谦和有礼，温柔敦厚，妆容干净，衣着适配，谈吐得体，笑容阳光，演技在线，唱歌清朗，跳舞撩人，公益真诚，吾之心悦，入坑至今，坑底坐@X玖少年团肖战DAYTOY,1556514185,冬雪叶飘零,,1697,3872,0,21524,河南 平顶山
4852889169716139	,1556514185	,2023-01-01 13:14:38,他是我见过最有少年感的人。是那种看春风不喜，看夏蝉不烦；看秋风不悲，看冬雪不叹；看满身富贵，懒察觉的少年。@X玖少年团肖战DAYTOY,7375506988,肖x眼里有星星,要温婉居家，不卑不亢,850,920,0,17199,河北
4852889169716139	,1556514185	,2023-01-01 13:13:29,我喜欢你就是永永远远的事情。世界很大，幸福很小，希望如期而至的不止春天，还有你。@X玖少年团肖战DAYTOY,7561878705,洳淉1005,,1958,2081,0,27876,其他
4852889169716139	,1556514185	,2023-01-01 12:09:57,四季有春，春有朝晨， 朝晨有你，方显珍贵 @X玖少年团肖战DAYTOY,7343299170,江南北城半夏,日子甜甜的，像清晨的柠檬水，像冬日的太阳，像梦里的大海，像第一次遇见你，一切都美的不可思议。,1429,1316,0,70626,其他
4852889169716139	,1556514185	,2023-01-01 12:09:50,世间万物一切都不及你 满目星河中一切皆是你 @X玖少年团肖战DAYTOY,7343299170,江南北城半夏,日子甜甜的，像清晨的柠檬水，像冬日的太阳，像梦里的大海，像第一次遇见你，一切都美的不可思议。,1429,1316,0,70626,其他
4852889169716139	,1556514185	,2023-01-01 11:12:15,你是我生命中所能经历的，最最深切的感觉！@X玖少年团肖战DAYTOY 我爱你肖战，许愿你开开心心每一天。,5934295536,快乐豆豆0103,因为是你，所以与众不同，只要是你，就会与众不同！,689,880,0,60465,浙江 杭州
4852889169716139	,1556514185	,2023-01-01 09:51:25,每想你一次天上飘落一粒沙，从此形成了撒哈拉！你不要说我喜欢你，你要说这夏夜的月色真美！ @X玖少年团肖战DAYTOY,7498312075,我家小影儿,,683,345,0,123207,江西
4852889169716139	,1556514185	,2023-01-01 09:10:41,提笔想念的人是你，夜深面前的人是你，岁月纷扰回忆是你，前路漫漫所爱皆是你。@X玖少年团肖战DAYTOY,7358121633,咿咿儿2000,,561,828,0,15558,其他
4852889169716139	,1556514185	,2023-01-01 08:59:33,好好吃饭，暖意相伴；三餐四季，有你相伴。@X玖少年团肖战DAYTOY,5637242805,兰兰伍Wu,热爱可抵岁月漫长！永远只为守护你！,680,430,0,108018,上海 嘉定区
4852889169716139	,1556514185	,2023-01-01 08:45:21,蓄势爆发是你，青云直上是你，心之所向，皆是光芒万丈@X玖少年团肖战DAYTOY,7797361450,xz爱你到永久,,548,58,1,4251,广东 东莞
4852889169716139	,1556514185	,2023-01-01 08:42:40,晦暗的岁月中遇上了你，不是匆匆一瞥。而是，一眼万年。@X玖少年团肖战DAYTOY,7797098993,认识你真好1005,,544,39,0,3965,广东 东莞
4852889169716139	,1556514185	,2023-01-01 08:16:39,从舞台到荧幕，从爱豆到演员，肖战从未停止奔跑与蜕变。不曾改变的，是温和谦逊的品格，是​数年坚守的敬业，是铭刻不忘的初心。跟随@X玖少年团肖战DAYTOY 的步伐，与时代同行，做更好的自己！,7782973260,whfeng芬1005,,542,79,0,5432,其他
4852889169716139	,1556514185	,2023-01-01 07:54:02,肖战正能量艺人，肖战演技好，肖战唱歌棒，肖战颜值高，肖战很暖心，肖战人品好，肖战有礼貌，肖战工作努力，肖战非常敬业，肖战尊敬前辈，肖战绅士风度，肖战三观正，肖战和粉丝一起变成更好的人，肖战是根正苗红的好艺人！@X玖少年团肖战DAYTOY ​​​,6914651176,呆桃的兔子1234,,666,1053,0,61085,云南
4852889169716139	,1556514185	,2023-01-01 07:47:32,晓看天色暮看云，行也思君，坐也思君。一日不见兮，思之如狂💕。@X玖少年团肖战DAYTOY,5482375782,恋呆桃de兔,初心不变，爱战如初❤️,18620,2763,0,93345,广东 深圳
4852889169716139	,1556514185	,2023-01-01 07:41:29,正常心跳:_/\___/\____ 看见你时的心跳_/\_/\_/\_/\_ 和你聊天时的心跳/\/\/\/\/\/\/\/\/\ 肖战我喜欢你。@X玖少年团肖战DAYTOY,5814184685,DH蔡蔡,好好工作！开心快乐！！！,672,721,0,31193,山西
4853067877453309	,7373138207	,2023-01-01 11:50:10,http://t.cn/A6KgXnEw,7373138207,幸运小白爱分享,,172702,71,0,100744,江苏
4853067852548787	,6051479336	,2023-01-01 11:51:17,http://t.cn/A6KgXnEw,6051479336,白菜零食酱,以挖掘零食白菜购物券为主，偶尔也挖挖衣服鞋子帽子家居用品，毕竟我们要吃得开心，穿得美腻。( ⸝⸝⸝⁼̴́⌄⁼̴̀⸝⸝⸝),392384,82,0,244501,江苏 南京
4853066698593239	,1766398370	,2023-01-01 12:03:51,拼团 http://t.cn/A6KgKhMR,2149810864,不想支棱,人若有快乐可言，全靠轻佻和健忘,117,387,0,1301,其他
4853066698593239	,1766398370	,2023-01-01 11:48:19,快来拼团[笑cry][笑cry] http://t.cn/A6KgSd4j,5152145870,三秒记忆的大白羊_,每一次的遇见，都是久别重逢。,159,414,0,233,山西 太原
4853066698593239	,1766398370	,2023-01-01 11:45:53,入：http://t.cn/A6KgSOgk,1766398370,大可拱白菜,一个可爱的可。用心 真心❤️,1102483,105,13,742312,海外 其他
4853066014132125	,3927904244	,2023-01-01 11:42:56,[1]http://t.cn/A6Kd6iYU ,3927904244,M大肉,认真分享好物,448848,222,0,853880,福建 厦门
4853065960397317	,2253566775	,2023-01-02 16:36:14,[打call],5344109828,周五播报不,,54,144,0,8728,山西 太原
4853065960397317	,2253566775	,2023-01-01 18:42:41,[微笑],1875983961,空出来的寂寞,,496,3754,0,12190,湖北 襄阳
4853065960397317	,2253566775	,2023-01-01 18:39:47,[微笑],6469279532,习惯寂寞001水灵灵,,126,2838,0,10233,广东 广州
4853065960397317	,2253566775	,2023-01-01 18:37:23,[微笑],6461167378,雷母连名带姓,,212,3040,0,10706,江苏 南京
4853065960397317	,2253566775	,2023-01-01 12:49:33,[太开心],6471876627,小白痴不适合小白,🐈🥬🐶🍆♡F 决心要减肥！！！ 5.23.2018,403,705,0,18854,广东 佛山
4853065960397317	,2253566775	,2023-01-01 12:04:10,[摊手],5984730761,DXB-D,相信自己，梦想还是要有的！万一实现了呢！,2342,1896,0,220,四川
4853065960397317	,2253566775	,2023-01-01 11:42:43,[1]http://t.cn/A6Kd6iSe ,2253566775,白菜坑,合作q249654197 自从入了白菜坑，你的快递就不会停了,2223160,366,23,1071364,北京 海淀区
4853065351430191	,7209015629	,2023-01-01 11:40:08,http://t.cn/A6KgXnEw,7209015629,种草有意思,分享有意思的东西,101973,15,0,160227,上海
4853065347760534	,6419394140	,2023-01-01 11:41:28,http://t.cn/A6KgXnEw,6051479336,白菜零食酱,以挖掘零食白菜购物券为主，偶尔也挖挖衣服鞋子帽子家居用品，毕竟我们要吃得开心，穿得美腻。( ⸝⸝⸝⁼̴́⌄⁼̴̀⸝⸝⸝),392384,82,0,244501,江苏 南京
4853065339902691	,5173965014	,2023-01-01 11:40:06,http://t.cn/A6KgXnEw,5173965014,券白白,一个害羞的白菜博主(⺣◡⺣)♡,85483,90,0,214156,江苏 南京
4853065339634897	,5065330846	,2023-01-01 11:41:18,http://t.cn/A6KgXnEw,6051479336,白菜零食酱,以挖掘零食白菜购物券为主，偶尔也挖挖衣服鞋子帽子家居用品，毕竟我们要吃得开心，穿得美腻。( ⸝⸝⸝⁼̴́⌄⁼̴̀⸝⸝⸝),392384,82,0,244501,江苏 南京
4853064417150430	,1973952924	,2023-01-01 11:37:51,券购：http://t.cn/A6KgSLJq,1973952924,狗头券师,现就读于蓝翔挖券技术专业（券和购在评论里，扒扒看）,432875,292,10,273223,山东 济南
4853062873385883	,7290118011	,2023-01-01 11:30:17,http://t.cn/A6KgXnEw,7290118011,小花花种草,养猫的种草君,96167,44,0,143047,上海
4853060834165078	,5096556892	,2023-01-01 11:22:15,http://t.cn/A6KHF9Kd,5096556892,丸子买买菌,跟着买就对了,248360,12,0,290012,海外 其他
4853060671378943	,6264069862	,2023-01-01 11:21:37,http://t.cn/A6KHF9Kd,6264069862,种草小优,可以叫我优酱喔🧚‍♀️,94963,4,0,287501,其他
4853060599553416	,3292877732	,2023-01-01 11:21:20,http://t.cn/A6KHF9Kd,3292877732,宝藏安利菌,謝謝關注 .,656340,30,0,278481,海外 其他
4853060424434050	,7373144679	,2023-01-01 11:20:33,http://t.cn/A6KgXnEw,7373144679,好吃搜罗队,,94234,71,0,88243,江苏
4853060411851341	,7312019524	,2023-01-01 11:20:30,http://t.cn/A6KgXnEw,7312019524,小花家的后花园,喜欢种草，星座，测试！喜欢一起买买买！,75031,15,0,142257,上海
4853060381712849	,6346667698	,2023-01-01 11:20:50,http://t.cn/A6KHF9Kd,6346667698,种草爱丽丝,梦想是一夜暴富！！,2134295,34,0,196531,海外
4853060372794439	,7713295805	,2023-01-01 11:20:21,http://t.cn/A6KgaLAv,7713295805,拼夕夕杂货铺,每日分享拼夕夕好价水果零食,26841,130,0,49695,四川 德阳
4853060058230887	,5239450309	,2023-01-01 11:19:14,http://t.cn/A6KgJwuT,5239450309,暴富小卖部,祝大家都能一夜暴富！！,1612598,74,0,208798,广东
4853055504522104	,1848792841	,2023-01-01 11:02:08,1、 ​​​​http://t.cn/A6Kg6FnG 2、 ​​​​http://t.cn/A6Kg6Fnq,5698915416,花花和喜喵喵,生活啊～有烦恼又有幸福,6825,278,0,1335,上海 黄浦区
4853054757410049	,1992391767	,2023-01-01 10:58:12,[1]http://t.cn/A6Kg6q90 ,1992391767,拯救吃土儿童,跟着土土不吃土ヾ(≧▽≦*)o这里只有靠谱的放心的和真正实惠的😚,227256,286,0,313923,河南 郑州
4853054489493975	,5744916923	,2023-01-21 15:25:02,今年特别难,5059364858,沈梦未醒,世有千金方，难求美人骨。,454,250,0,299,湖北 武汉
4853054489493975	,5744916923	,2023-01-21 12:10:45,无,2171719380,苗喵咪酱,加油努力,330,369,0,994,北京 东城区
4853054489493975	,5744916923	,2023-01-21 10:39:44,没有[跪了],1770181043,改这个名有没有比较拽,像素人生/镇魂,799,545,0,1801,其他
4853054489493975	,5744916923	,2023-01-01 13:36:38,[打call],6972720202,GYL清,,8,276,0,2198,其他
4853054489493975	,5744916923	,2023-01-01 11:46:29,今年第一次抽中奖了,5587116484,遇见William520,从你的全世界路过,60,340,1,417,江苏 无锡
4853054489493975	,5744916923	,2023-01-01 11:27:05,中过三年，今年目前还没中,2049317635,百万Papa,测评+分享 | 氛围感 📕同名,532,358,0,259,海外
4853054489493975	,5744916923	,2023-01-01 11:19:12,我怎么玩不了，不能授权,5284168163,家里有只小臭臭,喜欢猫，喜欢烘焙,270,411,0,5488,北京
4853054489493975	,5744916923	,2023-01-01 10:57:50,没有,3283464301,爱面包星人,,621,605,0,1505,河北 秦皇岛
4853053448792476	,5894255577	,2023-01-01 19:37:54,[舔屏],7310096862,也不怪小熊呀,嘟嘟嘟,116,169,0,168,其他
4853053448792476	,5894255577	,2023-01-01 19:33:17,花兔 求扫，中奖率5中4 http://t.cn/A6KgDy53,5586079670,M过求碗热汤面,"社交输出,独处充电 /应该温柔💙",532,372,1,568,浙江 杭州
4853053448792476	,5894255577	,2023-01-01 13:11:16,金兔 http://t.cn/A6KgNFS2,2866053880,巴拉猫尔,,129,133,0,116,甘肃 兰州
4853053448792476	,5894255577	,2023-01-01 11:41:35,金 http://t.cn/A6KgSSVw,2316393523,柒夏的狐狸猫,每一份吃下去的肉，都要每一分的减走,2784,256,0,2122,四川 成都
4853053448792476	,5894255577	,2023-01-01 11:22:52,[哈哈][哈哈],1748551992,tutu720,,1071,5538,0,8071,河南
4853053448792476	,5894255577	,2023-01-01 11:09:57,有没有金兔子[允悲] http://t.cn/A6KgXSrF,2620411347,祈祷着的麦芽_Idjit,Tu penses avoir trompé la mort ?,509,797,0,7739,广东 深圳
4853053448792476	,5894255577	,2023-01-01 11:04:51,有 http://t.cn/A6KgXLYq,1892807644,zwnoiiok-,禁止乞讨,158,358,0,6421,浙江
4853053448792476	,5894255577	,2023-01-01 11:04:21,图片评论 http://t.cn/A6KgXAQl,1552752662,John烨少,,54,62,0,3,广东 珠海
4853053448792476	,5894255577	,2023-01-01 11:02:06,求金兔带 http://t.cn/A6Kg6F0u,3457093210,你妈就在那里_46200,,115,227,0,2980,台湾 台北市
4853053448792476	,5894255577	,2023-01-01 11:00:38,金兔子来 http://t.cn/A6Kg6rjD,6559408781,这个柚子不太甜呀,,11,208,0,253,山西 太原
4853053448792476	,5894255577	,2023-01-01 11:00:04,金兔子来 http://t.cn/A6Kg615l,5392462598,是橘子的小狗,我们的失去是相互的,606,998,1,36,山西
4853053448792476	,5894255577	,2023-01-01 10:59:20,金兔子 http://t.cn/A6Kg6mAc,2457861907,执笔染墨白,,140,361,0,14526,海外
4853053448792476	,5894255577	,2023-01-01 10:58:56,金兔子，每天上线[doge] http://t.cn/A6Kg6Eod,3759789321,西瓜好甜呀呀呀呀呀,,60,166,0,173,其他
4853053448792476	,5894255577	,2023-01-01 10:58:36,没有,2613962397,-wat2rtsui-,,56,71,0,1545,海外 新加坡
4853053448792476	,5894255577	,2023-01-01 10:57:48,[doge] http://t.cn/A6Kg6HzO,5463073559,叉烧鸭_,,35,88,0,14,其他
4853053448792476	,5894255577	,2023-01-01 10:55:29,找不到开盲盒的,5878483776,毛晶47901,,593,497,0,17,广东
4853053448792476	,5894255577	,2023-01-01 10:54:49,来扫扫[舔屏][舔屏] http://t.cn/A6Kg6KUc,5859481016,一只没熟的蛋_0717,自己才是最虔诚的恋人,153,295,0,4246,江苏 南通
4853053448792476	,5894255577	,2023-01-01 10:54:28,有没有金兔子扫我[允悲][允悲] http://t.cn/A6Kg6SjB,2620411347,祈祷着的麦芽_Idjit,Tu penses avoir trompé la mort ?,509,797,0,7739,广东 深圳
4853052177650940	,1987241375	,2023-01-04 20:25:59,有人拼牛奶吗 http://t.cn/A6KFNMQJ,1864859272,April_小悦要脚踏实地,,371,449,0,769,北京 海淀区
4853052177650940	,1987241375	,2023-01-03 21:17:32,求拼蒙牛牛奶[苦涩] http://t.cn/A6Kk6Ski,2692400252,-壹乌安,封闭货车,547,236,0,105,四川 德阳
4853052177650940	,1987241375	,2023-01-02 21:36:01,图片评论 http://t.cn/A6KD5DpF,2834614725,Xbackwin,૮₍ ⸝⸝´ ˘ `⸝⸝ ₎ა,2217,1019,0,1967,福建
4853052177650940	,1987241375	,2023-01-02 16:05:17,坚果新开 http://t.cn/A6KekVYS,1837023283,___武林萌主,爱我！,502,184,1,986,福建 福州
4853052177650940	,1987241375	,2023-01-02 03:33:42,[嘻嘻][嘻嘻] http://t.cn/A6Ke6GKK,2136957792,小心心828,Keep it simple stupid.,253,229,0,850,上海 宝山区
4853052177650940	,1987241375	,2023-01-02 02:01:43,首页释迦和夏威夷果求拼,3314014671,没味道de白开水,,22,301,0,56,其他
4853052177650940	,1987241375	,2023-01-02 00:08:33,碧根果 http://t.cn/A6KetgAI,6570053834,世界不死我亦永生,以后陪龙哥一起走花路呀！,260,626,0,3138,四川
4853052177650940	,1987241375	,2023-01-02 00:05:18,开心果 http://t.cn/A6KetjGk,5862970507,朱西西和好生活,拒绝有用。够酷就行,103,353,0,146,北京
4853052177650940	,1987241375	,2023-01-02 00:02:00,尖叫差一 http://t.cn/A6KetMYm,5688883918,Lolita-YF,,101,53,0,5,湖北 武汉
4853052177650940	,1987241375	,2023-01-01 23:19:27,万荣苹果 首页新开,6090873559,阳阳小财神,家有萌娃 两宝妈,109,283,0,255,其他
4853052177650940	,1987241375	,2023-01-01 22:33:54,首页山姆坚果礼盒差3-稻香村糕点礼盒差3-阿胶糕礼盒差1[打call][打call][打call]速来速来,3827285396,Huuy-12,减肥好嘛！,72,37,0,60,浙江 杭州
4853052177650940	,1987241375	,2023-01-01 21:27:14,这个好吃 http://t.cn/A6Ke2YSE,1795106411,叮当爱猫咪,,40,1457,0,612,广东
4853052177650940	,1987241375	,2023-01-01 21:27:03,首页尖叫差1个,3314473573,我只是上来打个酱油,,22,521,0,859,其他
4853052177650940	,1987241375	,2023-01-01 21:24:59,首页奶粉,3888285254,mm-lllove,,119,433,0,402,湖南 长沙
4853052177650940	,1987241375	,2023-01-01 21:24:50,首页开心果,6641188059,噼里199412,,19,74,0,107,其他
4853052177650940	,1987241375	,2023-01-01 21:21:50,朝日啤酒啊 http://t.cn/A6Ke2MyQ,3223488631,本仙女不该落入凡间,不管你信不信，有个人正在等待希望能遇到像你这样的人。,148,273,0,349,辽宁 大连
4853052177650940	,1987241375	,2023-01-01 21:21:49,首页酸辣粉,6408288809,hisbsisbsksbsj,,18,596,0,335,其他
4853052177650940	,1987241375	,2023-01-01 21:20:41,图片评论 http://t.cn/A6Ke2cwy,1769230133,李挺同学,自从丧乱尽失去，至今梦寐犹依依,1837,471,0,881,湖北 荆门
4853052177650940	,1987241375	,2023-01-01 21:20:35,苹果[羞嗒嗒] http://t.cn/A6Ke2t8J,5508417213,五彩缤纷de跳跳糖,自在如风  慢慢长大,191,254,0,1611,福建 厦门
4853052177650940	,1987241375	,2023-01-01 21:18:38,洗衣粉差一 http://t.cn/A6Ke2yCZ,2306179331,南南南南南小望,,205,421,0,355,福建 厦门
4853052177650940	,1987241375	,2023-01-01 21:18:30,猕猴桃[羞嗒嗒] http://t.cn/A6Ke2y7r,5508417213,五彩缤纷de跳跳糖,自在如风  慢慢长大,191,254,0,1611,福建 厦门
4853052177650940	,1987241375	,2023-01-01 21:17:53,求带上车瓜子,2462812302,郭郭小可爱儿,顺风不浪❤️逆风不怂,195,116,0,465,上海
4853052177650940	,1987241375	,2023-01-01 21:17:51,橙子10斤 http://t.cn/A6Ke2AHy,3754847201,怎小奈何,,66,636,0,879,河南 郑州
4853052177650940	,1987241375	,2023-01-01 21:15:44,图片评论 http://t.cn/A6Ke2v27,2881367884,蠢也没法子,窝囊的疯子,267,286,0,774,其他
4853052177650940	,1987241375	,2023-01-01 21:15:27,砂糖橘 http://t.cn/A6KeAsZn,3754847201,怎小奈何,,66,636,0,879,河南 郑州
4853052177650940	,1987241375	,2023-01-01 21:14:41,图片评论 http://t.cn/A6KeADtw,2653405287,苏夏summer-,不愿意承认的事就放心里好了。,92,122,0,101,河南 郑州
4853052177650940	,1987241375	,2023-01-01 21:14:34,首页脆香米,7411804127,摇摆的药丸,红泥小火炉,2,169,0,61,北京
4853052177650940	,1987241375	,2023-01-01 21:13:34,脆香米有吗,7326105595,_是一个小皓, ,39,92,0,80,其他
4853052177650940	,1987241375	,2023-01-01 21:13:30,外套 http://t.cn/A6KeArPU,1986589787,我想瘦一点-,,208,29,0,53,安徽 马鞍山
4853052177650940	,1987241375	,2023-01-01 21:13:28,护发精油，我觉得性价比很高了 http://t.cn/A6KeABrY,2966066227,桑熙埃,,107,115,0,249,四川 成都
4853052177650940	,1987241375	,2023-01-01 21:12:39,纸巾有人拼吗[开学季] http://t.cn/A6KeAudC,5148062407,嘎嘎嘎羊羊,随心所欲不逾矩,390,1218,0,3508,其他
4853052177650940	,1987241375	,2023-01-01 21:11:07,开心果，新开 http://t.cn/A6KeA8vK,6330721254,昨日青空blue,Lucky with me,34,332,1,97,海外
4853052177650940	,1987241375	,2023-01-01 21:09:48,定制版可乐 http://t.cn/A6KeAj4Q,3212570781,HelloKitty不是喵喵,超级治愈小太阳☀,166,292,0,648,海外 澳大利亚
4853052177650940	,1987241375	,2023-01-01 21:06:57,花生 http://t.cn/A6KeASdm,2913492190,请叫我蕾monsignor,我是地雷，我怕谁。,251,1122,0,187,四川 成都
4853052177650940	,1987241375	,2023-01-01 21:05:40,拼 http://t.cn/A6KeAi6N,3179242735,荧荧小公举,一颗心只给一个人，一辈子只爱一个人,131,450,0,112,浙江 杭州
4853052177650940	,1987241375	,2023-01-01 21:05:02,图片评论 http://t.cn/A6KeAxyT,2913492190,请叫我蕾monsignor,我是地雷，我怕谁。,251,1122,0,187,四川 成都
4853052177650940	,1987241375	,2023-01-01 21:04:56,牛肉[彩虹屁][彩虹屁][彩虹屁][鲜花][鲜花]过年吃~ http://t.cn/A6KeAM3M,6067663411,你与五月mmmay,幸福在自己手里～,795,1488,0,978,山东
4853052177650940	,1987241375	,2023-01-01 21:03:38,松子 http://t.cn/A6KeAcUW,2620439425,王肥肥啊wangfeifei,年年月月岁岁平安,237,525,0,585,浙江 嘉兴
4853052177650940	,1987241375	,2023-01-01 21:02:21,过年唠嗑常客 http://t.cn/A6KeAbxm,2242866235,张大太阳biubiu,认真且怂,270,110,0,17,宁夏 固原
4853052177650940	,1987241375	,2023-01-01 21:01:50,拼兰蔻196 http://t.cn/A6KeAUJ3,3059191487,小汐子啊啊啊,用太多时间在等，等来的已是旧时光。,180,664,0,50,福建 福州
4853052177650940	,1987241375	,2023-01-01 21:01:43,巴旦木差3，求拼 http://t.cn/A6KeAUvv,5360939230,Yangkee-,,53,262,1,13,河南 平顶山
4853052177650940	,1987241375	,2023-01-01 20:58:40,冲一波冲一波  就差一人 http://t.cn/A6Kewk1p,5266697086,vi起司1020,🧊｜吃饱饱 没烦恼,155,490,0,77,其他
4853052177650940	,1987241375	,2023-01-01 20:58:33,开心果 http://t.cn/A6KewkJk,1268751735,元薰超口爱,不睡觉世界冠军、 美国时代周刊2006年年度人物、 2008年感动中国组委会特别大奖.,485,5599,0,3516,河北 唐山
4853052177650940	,1987241375	,2023-01-01 20:57:46,开心果差3 http://t.cn/A6Kewgl4,5076396089,大爆炸m7,,78,109,0,262,山东 临沂
4853052177650940	,1987241375	,2023-01-01 20:55:23,首页腰果,2313867237,tassel14,🌸 happiness=reality-expectations🌸   镇魂,130,1387,0,3215,湖北 武汉
4853052177650940	,1987241375	,2023-01-01 20:55:06,拼白象酸辣粉 http://t.cn/A6KewEtT,5860121178,漫天飞舞的雪8055,,36,107,0,77,天津 武清区
4853052177650940	,1987241375	,2023-01-01 20:54:55,首页农夫山泉nfc橙汁,2404836365,西蒙大湿叔,coffee more,126,668,0,3951,浙江
4853052177650940	,1987241375	,2023-01-01 20:54:51,图片评论 http://t.cn/A6KewRil,2535118944,听风入梦123,,213,289,0,520,广东 广州
4853052177650940	,1987241375	,2023-01-01 20:53:29,金典差三，不好抢，可能会显示没货，多刷几次就出来了 http://t.cn/A6KewY22,1959500863,佛恩冯_yj,~~~,406,128,0,55,河北 保定
4853052177650940	,1987241375	,2023-01-01 20:53:13,老街口 开心果，首页，快来,7611188760,无名小菜手,,5,39,0,14,其他
4853052177650940	,1987241375	,2023-01-01 20:52:25,爱媛果冻橙差一啦 http://t.cn/A6Kew0Jn,6642339897,杺杺宁,⋆*︎ᝰ✍︎꙳⋆,6,329,0,2224,其他
4853052177650940	,1987241375	,2023-01-01 20:51:03,差3-夏威夷果 http://t.cn/A6Kewoc5,2649627453,Mily_米粒,偷偷看我吗。,208,150,0,955,福建 福州
4853052177650940	,1987241375	,2023-01-01 20:48:09,奶粉差一人 http://t.cn/A6Kewtth,5223024779,久如初7,乍见之欢不如久处不厌,126,115,0,78,其他
4853052177650940	,1987241375	,2023-01-01 20:47:31,薯愿有人拼吗 4块钱/桶   差2 [太开心] http://t.cn/A6KewGtK,1777588753,-missmissmisschen-,反正山高水长，只愿自己活得漂亮。,1035,741,0,953,江苏 苏州
4853052177650940	,1987241375	,2023-01-01 20:47:26,苹果好吃 http://t.cn/A6KewbDK,2383267377,丫博围脖,,150,245,1,840,江苏 南京
4853052177650940	,1987241375	,2023-01-01 20:47:05,冲鸭[打call] http://t.cn/A6Kew4Gy,3815147980,哆啦A梦的小星星,取图❤️ x358201337          ❤️有日常   有广告   介意勿加,244,316,0,445,陕西 西安
4853052177650940	,1987241375	,2023-01-01 20:46:22,爱媛 http://t.cn/A6Kew2WD,2882010212,期待着未来的日子,时光，浓淡相宜；人心，远近相安,89,47,0,1339,其他
4853052177650940	,1987241375	,2023-01-01 20:46:18,首页拼可乐差2人,5619596917,TOTO宁静,热爱包子，宁静致远🌻,43,155,0,201,山东 济南
4853052177650940	,1987241375	,2023-01-01 20:45:55,来人拼滑板谢谢 http://t.cn/A6Keww5C,1865185134,春分已过淡淡的,减肥啊忌口啊,256,200,0,272,四川 巴中
4853052177650940	,1987241375	,2023-01-01 20:45:42,酸辣粉求拼 http://t.cn/A6KewZAC,5860121178,漫天飞舞的雪8055,,36,107,0,77,天津 武清区
4853052177650940	,1987241375	,2023-01-01 20:45:13,夏威夷果，差2人，有人拼吗 http://t.cn/A6Kewh5H,2996336055,禾木仪器_234,,43,66,0,128,浙江
4853052177650940	,1987241375	,2023-01-01 20:44:53,玉米差2 http://t.cn/A6KewvaF,5627969396,中泰日韩英挪腐海王,一入腐门深似海，从此良人是路人！,27,137,0,123,福建
4853052177650940	,1987241375	,2023-01-01 20:44:19,莫斯利安呀[举手] http://t.cn/A6KeZkHK,5925464898,晟文68924,生活不止眼前的苟且 还有诗和远方的田野🌹,198,171,0,473,其他
4853052177650940	,1987241375	,2023-01-01 20:43:58,释迦果[举手] http://t.cn/A6KeZek3,5925464898,晟文68924,生活不止眼前的苟且 还有诗和远方的田野🌹,198,171,0,473,其他
4853052177650940	,1987241375	,2023-01-01 20:43:14,砂糖橘 http://t.cn/A6KeZrX2,2882010212,期待着未来的日子,时光，浓淡相宜；人心，远近相安,89,47,0,1339,其他
4853052177650940	,1987241375	,2023-01-01 20:43:02,梅见 http://t.cn/A6KeZBaZ,2882010212,期待着未来的日子,时光，浓淡相宜；人心，远近相安,89,47,0,1339,其他
4853052177650940	,1987241375	,2023-01-01 20:42:32,新开巴旦木 http://t.cn/A6KeZura,5360939230,Yangkee-,,53,262,0,13,河南 平顶山
4853052177650940	,1987241375	,2023-01-01 20:42:11,主页皇冠曲奇求拼 搭配云闪付到手42[憧憬],3525618634,赵能能r,带着一身温暖拥抱你,114,105,1,16,山东
4853052177650940	,1987241375	,2023-01-01 20:41:18,葡萄汁有姐妹一起吗 http://t.cn/A6KeZQ1W,3434523262,芋头芋头syl,若无闲事挂心头，便是人间好时节,263,355,0,1643,浙江 台州
4853052177650940	,1987241375	,2023-01-01 20:41:02,女童打底裤袜，厚的，快来买呀 http://t.cn/A6KeZHKm,2736405953,AINYjane,轻舟已过万重山,301,988,0,1239,广东
4853052177650940	,1987241375	,2023-01-01 20:39:29,求求拼个牛奶吧，2缺1 http://t.cn/A6KeZpjR,7349533002,不可以有点太难了,,4,61,0,37,其他
4853052177650940	,1987241375	,2023-01-01 20:39:13,新开拼开心果 http://t.cn/A6KeZNJ0,6004958234,佩佩-198009,一枚93年的孩他妈,170,110,1,1157,山西
4853052177650940	,1987241375	,2023-01-01 20:38:41,差1位 http://t.cn/A6KeZK1c,5031347141,小兔斯基乖乖,,57,353,0,158,浙江 杭州
4853052177650940	,1987241375	,2023-01-01 20:38:25,图片评论 http://t.cn/A6KeZoNt,3099891733,清风与我2000,永远十八,106,116,0,111,河北
4853052177650940	,1987241375	,2023-01-01 20:38:16,图片评论 http://t.cn/A6KeZSro,2308301355,麦兜的当当当,,234,277,0,1772,江苏 南京
4853052177650940	,1987241375	,2023-01-01 20:38:15,农夫山泉橙子求拼,5988385138,effulge,永怀善意 清澈明朗 18/06/20 GR II,155,989,0,1,海外 加拿大
4853052177650940	,1987241375	,2023-01-01 20:37:57,雪碧可乐果粒橙 http://t.cn/A6KeZaIh,5800173268,早睡早起最爱自己,素质不详，遇强则强。,52,146,0,432,其他
4853052177650940	,1987241375	,2023-01-01 20:37:17,核桃露 http://t.cn/A6KeZiZM,5955586467,橘子冰美式__,别看。镇魂。,689,726,0,696,陕西
4853052177650940	,1987241375	,2023-01-01 20:36:47,首页山姆坚果礼盒，春节送礼合适,1765657311,cathy欣儿,简单生活，向幸福出发~,217,289,0,868,山西 太原
4853052177650940	,1987241375	,2023-01-01 20:36:07,松子 http://t.cn/A6KeZcH7,1783988902,95--小姐,一枚cool girl 🌚,311,379,0,218,湖南 长沙
4853052177650940	,1987241375	,2023-01-01 20:34:59,首页拼可口可乐,5619596917,TOTO宁静,热爱包子，宁静致远🌻,43,155,0,201,山东 济南
4853052177650940	,1987241375	,2023-01-01 20:34:30,牛奶 http://t.cn/A6KeZya5,3845558371,好好学习天天进步欧耶,,35,649,0,1820,其他
4853052177650940	,1987241375	,2023-01-01 20:34:21,首页老街口瓜子，差3个，来,6469849260,林哥家的禾禾,,0,10,1,1,其他
4853052177650940	,1987241375	,2023-01-01 20:33:31,老街口腰果差4 http://t.cn/A6KeZZjV,2528822652,Emma-SH,,9,260,0,16,吉林 长春
4853052177650940	,1987241375	,2023-01-01 20:32:27,蹲大虾,5038249017,心有向向往,快乐肥宅,233,828,0,6097,其他
4853052177650940	,1987241375	,2023-01-01 20:32:21,有没有徐福记糖果团呀,7495771026,Winnie和Minnie,,30,312,0,87,重庆 万州区
4853052177650940	,1987241375	,2023-01-01 20:30:30,烤肠有姐妹来吗 http://t.cn/A6Kez3Ow,3944807147,拉唔Dtf,,100,1023,1,1663,河北 唐山
4853052177650940	,1987241375	,2023-01-01 20:30:16,新开腰果 http://t.cn/A6Kezu6c,5388303208,好好学习的羊小羊,祝你祝我,154,90,0,287,辽宁
4853052177650940	,1987241375	,2023-01-01 20:30:07,首页拼老街口开心果,5480974597,在梦-zm,举目见日，不见长安。,98,143,0,118,广东
4853052177650940	,1987241375	,2023-01-01 20:29:53,主页皇冠曲奇求拼 到手42,3525618634,赵能能r,带着一身温暖拥抱你,114,105,1,16,山东
4853052177650940	,1987241375	,2023-01-01 20:29:51,爱媛果冻橙差两个啦[赢牛奶] http://t.cn/A6KeznxV,6642339897,杺杺宁,⋆*︎ᝰ✍︎꙳⋆,6,329,0,2224,其他
4853052177650940	,1987241375	,2023-01-01 20:29:41,有拼的嘛 刚开 http://t.cn/A6KezECr,5709781735,喝咖啡的骆小驼,还没想好,58,105,0,884,浙江 嘉兴
4853052177650940	,1987241375	,2023-01-01 20:28:31,低脂牛奶，来拼呀 http://t.cn/A6Kezjdm,5388303208,好好学习的羊小羊,祝你祝我,154,90,0,287,辽宁
4853052177650940	,1987241375	,2023-01-01 20:28:16,猕猴桃[羞嗒嗒] http://t.cn/A6Kezlog,5508417213,五彩缤纷de跳跳糖,自在如风  慢慢长大,191,254,0,1611,福建 厦门
4853052177650940	,1987241375	,2023-01-01 20:27:31,拼牛奶 http://t.cn/A6Kezpc4,3596641867,安小树生根发芽,,410,648,0,1571,其他
4853052177650940	,1987241375	,2023-01-01 20:27:04,图片评论 http://t.cn/A6Kez98i,5857862481,Equaltt,看个屁 微博没本人好看,266,710,0,786,海外 美国
4853052177650940	,1987241375	,2023-01-01 20:26:26,q2 http://t.cn/A6KezSLv,5206712234,隐姓埋名刘亦菲_,我原是山上一棵包治百病的板蓝根,15,83,0,178,其他
4853052177650940	,1987241375	,2023-01-01 20:26:24,首页有可口可乐拼团,7706641381,早春晴朗yyds,,2,107,1,62,其他
4853052177650940	,1987241375	,2023-01-01 20:26:01,首页好时 姐妹们来拼🙏,6128085509,菜菜不吃了啦,,30,158,0,427,其他
4853052177650940	,1987241375	,2023-01-01 20:25:30,坚果礼盒 http://t.cn/A6Kezxmq,1765657311,cathy欣儿,简单生活，向幸福出发~,217,289,0,868,山西 太原
4853052177650940	,1987241375	,2023-01-01 20:25:14,牛奶差一人，速战速决[爱你][爱你] http://t.cn/A6KezMJ6,1671067501,无名小卒o0,給 你 的 溫 柔 ， 別 人 不 曾 擁 有 ！,626,159,0,55,广东 揭阳
4853052177650940	,1987241375	,2023-01-01 20:25:04,差一，比猫超便宜 http://t.cn/A6KezIal,2152514620,鱼鱼-蛋蛋,情不知所起，一往而深！,339,949,0,2466,广东 广州
4853052177650940	,1987241375	,2023-01-01 20:24:10,苹果 巨好吃 http://t.cn/A6Kez5Jv,2651097057,酱香饼加芝士,小事化面包🥯 大事化蛋糕🍰,767,350,0,196,浙江 杭州
4853052177650940	,1987241375	,2023-01-01 20:24:03,拼百醇过年吃[吃瓜] http://t.cn/A6KezqR6,2239772003,nanamm-,"Know the smile of a girl, won't bad luck",437,674,0,694,广东 梅州
4853052177650940	,1987241375	,2023-01-01 20:23:56,图片评论 http://t.cn/A6Kezq46,2503208092,乌冬面哦,,359,214,0,106,海外
4853052177650940	,1987241375	,2023-01-01 20:23:48,瓜子 http://t.cn/A6KezG6E,3196910945,等我看完烟花,被狗咬了一口，晦气,265,447,0,109,山东
4853052177650940	,1987241375	,2023-01-01 20:23:47,拼橙子补充vc http://t.cn/A6KezGVJ,2239772003,nanamm-,"Know the smile of a girl, won't bad luck",437,674,0,694,广东 梅州
4853052177650940	,1987241375	,2023-01-01 20:23:06,苏打饼干 http://t.cn/A6Kezy6B,5031347141,小兔斯基乖乖,,57,353,0,158,浙江 杭州
4853052177650940	,1987241375	,2023-01-01 20:22:40,拼洗手液 http://t.cn/A6KezAFq,1714292637,水梦远航,do right things and do things right,270,184,0,739,北京 海淀区
4853052177650940	,1987241375	,2023-01-01 20:22:13,徐福记差1 http://t.cn/A6KezZM4,1803797961,钱家小多,人生何处不精彩。,458,462,0,1147,江苏 南京
4853052177650940	,1987241375	,2023-01-01 20:22:11,首页桂圆,2267318473,南有乔木_Q,唯有时间不可辜负,103,381,0,16,内蒙古
